N,eta2,epsilon2,omega2
10,0.110218362,0.119403225,0.118068754
20,0.076639964,0.079665226,0.079203461
30,0.065257938,0.066945643,0.06668744
40,0.056333859,0.057417203,0.057245972
50,0.05107597,0.051857745,0.051735008
60,0.047862263,0.048470682,0.048374909
70,0.042101893,0.042559523,0.042487404
80,0.039623936,0.040000113,0.039941855
90,0.037238087,0.037551891,0.037503229
100,0.035646921,0.035916974,0.035875183
10,0.11278656,0.12218544,0.120769804
20,0.07834974,0.081442493,0.08095514
30,0.063952092,0.065606025,0.065349542
40,0.05742529,0.058529622,0.05835688
50,0.049040576,0.049791197,0.04967494
60,0.043690592,0.04424598,0.044159356
70,0.040750801,0.041193744,0.041124535
80,0.039508861,0.039883945,0.039825926
90,0.036031858,0.036335498,0.036287999
100,0.03512188,0.035387954,0.035346464
10,0.107516732,0.116476459,0.115084863
20,0.078201117,0.081288003,0.08081364
30,0.06041501,0.061977468,0.061732128
40,0.054041508,0.055080768,0.054916556
50,0.049684915,0.050445398,0.050325494
60,0.045713995,0.046295105,0.046203856
70,0.04282305,0.043288518,0.043215311
80,0.040874638,0.041262688,0.041202686
90,0.036531102,0.036838948,0.036790416
100,0.033981902,0.034239341,0.034199674
10,0.110573481,0.119787938,0.118437792
20,0.077990431,0.081069,0.080604702
30,0.066395532,0.068112658,0.067853382
40,0.052635772,0.053647999,0.053489747
50,0.050822218,0.051600109,0.051479277
60,0.045042209,0.045614779,0.045525025
70,0.041616899,0.042069257,0.04199903
80,0.040202603,0.040584273,0.040525003
90,0.03756451,0.037881065,0.037831854
100,0.036246482,0.036521077,0.036478298
10,0.111147612,0.120409913,0.118989228
20,0.078592594,0.081694933,0.081203094
30,0.063714507,0.065362296,0.06511269
40,0.055110518,0.056170335,0.056005624
50,0.050343417,0.051113979,0.050993206
60,0.045055505,0.045628244,0.045540083
70,0.042232674,0.042691725,0.042621392
80,0.040080171,0.040460679,0.040401206
90,0.036993801,0.037305547,0.037256984
100,0.035293309,0.035560682,0.035518892
10,0.111364007,0.120644341,0.119218377
20,0.078696699,0.081803147,0.08131548
30,0.064838308,0.066515161,0.066253328
40,0.056507168,0.057593844,0.057428702
50,0.049589149,0.050348167,0.050230762
60,0.044945814,0.045517159,0.045427886
70,0.043190048,0.043659505,0.043585718
80,0.040230494,0.040612429,0.040552879
90,0.037526165,0.037842396,0.037792958
100,0.036012863,0.036285688,0.036243208
10,0.109972146,0.119136491,0.117762719
20,0.082301664,0.085550414,0.0850535
30,0.063128627,0.064761264,0.064505111
40,0.056928533,0.058023313,0.057857777
50,0.049626515,0.050386104,0.050268122
60,0.046509671,0.047100895,0.047008513
70,0.042678989,0.043142891,0.043071494
80,0.04052926,0.040914032,0.040853712
90,0.036109503,0.036413797,0.036366086
100,0.03543468,0.035703124,0.035661158
10,0.111491228,0.120782163,0.119363847
20,0.076718531,0.079746894,0.079278099
30,0.062474243,0.064089956,0.063836143
40,0.054308513,0.055352908,0.055192308
50,0.050313456,0.05108356,0.050964179
60,0.045053714,0.045626431,0.045537627
70,0.041768648,0.042222655,0.042152192
80,0.040150254,0.040531427,0.040472122
90,0.037524529,0.037840747,0.037790707
100,0.033620214,0.033874912,0.033835091
10,0.111012266,0.120263288,0.118871824
20,0.080716244,0.083902411,0.083417396
30,0.062570516,0.064188719,0.06394475
40,0.054038187,0.055077383,0.054915687
50,0.047686675,0.048416573,0.048302309
60,0.046640196,0.047233079,0.047139025
70,0.040498034,0.04093823,0.04086941
80,0.038777553,0.039145694,0.03908815
90,0.037504274,0.037820321,0.037771084
100,0.035906021,0.036178037,0.036135373
10,0.108670431,0.1177263,0.116372006
20,0.07846492,0.08156222,0.081088938
30,0.064416577,0.066082523,0.065827638
40,0.055188784,0.056250107,0.056087343
50,0.049080131,0.049831357,0.049714641
60,0.043495935,0.044048849,0.043962606
70,0.041642921,0.042095562,0.042025022
80,0.038884668,0.039253826,0.039195755
90,0.036995809,0.037307572,0.03725899
100,0.034955762,0.035220578,0.035179604
10,0.111147606,0.120409907,0.1190379
20,0.074393445,0.077330028,0.076883747
30,0.06214725,0.063754506,0.063506583
40,0.056269938,0.057352052,0.057184924
50,0.050193906,0.05096218,0.050843664
60,0.043964463,0.044523333,0.044435944
70,0.041819222,0.042273778,0.042203668
80,0.03803109,0.038392144,0.038335539
90,0.036671384,0.036980412,0.036931869
100,0.036199355,0.036473592,0.0364307
10,0.109976863,0.119141601,0.117749604
20,0.07570759,0.078696048,0.07823
30,0.063381652,0.065020833,0.06476442
40,0.054733517,0.055786085,0.055620087
50,0.048213851,0.048951818,0.048837479
60,0.045776925,0.046358835,0.046267925
70,0.04305053,0.043518471,0.043445156
80,0.039766072,0.040143598,0.04008485
90,0.037641939,0.037959146,0.037909148
100,0.036687991,0.03696593,0.036922617
10,0.110513037,0.119722457,0.118337279
20,0.077017118,0.080057268,0.079595352
30,0.063697239,0.065344582,0.065089261
40,0.055772189,0.056844732,0.056675012
50,0.050421274,0.051193028,0.051072586
60,0.044762019,0.045331028,0.045242256
70,0.042286936,0.042746576,0.042675648
80,0.039428293,0.039802612,0.039744552
90,0.037490341,0.037806271,0.037756884
100,0.035163112,0.035429499,0.035388055
10,0.110406258,0.11960678,0.118225602
20,0.078736913,0.081844949,0.081370666
30,0.062980486,0.064609292,0.064356648
40,0.055949095,0.057025039,0.056860593
50,0.049977936,0.050742904,0.050624423
60,0.044377165,0.044941282,0.044853773
70,0.042852063,0.043317846,0.043245515
80,0.039473507,0.039848256,0.039790754
90,0.037304987,0.037619354,0.03757021
100,0.035773751,0.036044764,0.036002569
10,0.107775558,0.116756855,0.115341145
20,0.079658974,0.082803408,0.082316403
30,0.064182859,0.065842761,0.065589418
40,0.05373268,0.054766001,0.054602674
50,0.048557508,0.049300735,0.04918668
60,0.046548299,0.047140015,0.047047077
70,0.042903811,0.043370156,0.043296412
80,0.038718632,0.039086214,0.039028354
90,0.037276402,0.037590529,0.037541727
100,0.034927202,0.035191802,0.035150913
10,0.108536673,0.117581396,0.116199343
20,0.075681614,0.078669046,0.078208919
30,0.063356611,0.064995144,0.064739507
40,0.05354962,0.05457942,0.05441838
50,0.050436043,0.051208024,0.051089035
60,0.045703298,0.046284272,0.046193677
70,0.042530374,0.042992661,0.04292128
80,0.040017582,0.040397496,0.040337941
90,0.036949405,0.037260776,0.037211951
100,0.036045436,0.036318508,0.036276304
10,0.110802714,0.120036274,0.118668534
20,0.077496524,0.080555597,0.080085779
30,0.065864979,0.067568384,0.06730318
40,0.055548529,0.056616769,0.056454084
50,0.049477373,0.050234679,0.050116053
60,0.045656428,0.046236806,0.046146167
70,0.042344282,0.042804546,0.042733341
80,0.038997436,0.039367665,0.039310451
90,0.036743141,0.037052774,0.037004396
100,0.038044541,0.038332757,0.03828745
10,0.107038677,0.115958567,0.114627474
20,0.081707912,0.084933225,0.08445168
30,0.063964157,0.065618403,0.065360492
40,0.053941681,0.054979021,0.054818805
50,0.050827003,0.051604967,0.051484457
60,0.045873502,0.04645664,0.046364977
70,0.043436836,0.043908976,0.04383538
80,0.038967301,0.039337244,0.039279462
90,0.03642493,0.036731882,0.036683793
100,0.034489343,0.034750626,0.034709847
10,0.109957972,0.119121136,0.117687653
20,0.079477584,0.082614857,0.08213129
30,0.064852032,0.06652924,0.066279572
40,0.057715453,0.058825365,0.058656495
50,0.047975878,0.048710203,0.04859689
60,0.047348155,0.047950038,0.047857014
70,0.042436805,0.042898075,0.042825859
80,0.038831493,0.039200146,0.039142498
90,0.037487905,0.037803814,0.037754637
100,0.035514062,0.035783108,0.035741235
10,0.108636271,0.117689294,0.116340586
20,0.075199587,0.078167992,0.077706766
30,0.063180905,0.064814894,0.064567691
40,0.055921276,0.056996685,0.056830035
50,0.049601466,0.050360672,0.050242856
60,0.0465094,0.047100621,0.047008581
70,0.042535797,0.042998143,0.042925696
80,0.038375527,0.038739852,0.038682694
90,0.037566927,0.037883502,0.037833774
100,0.034482667,0.0347439,0.034702606
10,0.111967861,0.121298516,0.119907884
20,0.079200568,0.082326907,0.08183814
30,0.064225638,0.065886646,0.065628611
40,0.057545863,0.058652514,0.058481826
50,0.049618127,0.050377588,0.050259404
60,0.044291471,0.044854498,0.044765188
70,0.042959038,0.043425984,0.043354219
80,0.039731607,0.040108806,0.04005052
90,0.037519863,0.037836041,0.037786898
100,0.035773886,0.036044901,0.036002949
10,0.112832083,0.122234756,0.120840557
20,0.076002664,0.079002769,0.078530396
30,0.064171256,0.065830858,0.065567929
40,0.055064642,0.056123577,0.055959775
50,0.04864549,0.049390064,0.049273403
60,0.046176462,0.046763451,0.046672221
70,0.0417382,0.042191876,0.042120779
80,0.039323229,0.039696551,0.039638681
90,0.037611162,0.03792811,0.037878484
100,0.034678001,0.034940713,0.034899784
10,0.107774796,0.116756029,0.115413096
20,0.08046051,0.083636582,0.083150178
30,0.061925004,0.063526513,0.063279713
40,0.056873465,0.057967185,0.057799372
50,0.048964542,0.049713999,0.049597509
60,0.043196106,0.043745209,0.043659793
70,0.041234704,0.041682908,0.041611927
80,0.038001212,0.038361983,0.038305612
90,0.037932821,0.03825248,0.038202423
100,0.034980254,0.035245256,0.035204071
10,0.106303508,0.115162133,0.113755188
20,0.076618459,0.079642872,0.079178344
30,0.065582494,0.067278593,0.067013592
40,0.057262185,0.058363381,0.058193488
50,0.050548655,0.051322359,0.05120319
60,0.044749545,0.045318395,0.045228756
70,0.044208788,0.044689319,0.044613915
80,0.040867095,0.041255074,0.041194411
90,0.038011477,0.038331799,0.038282215
100,0.035659502,0.035929649,0.035887269
10,0.11256154,0.121941669,0.120578905
20,0.08064908,0.083832597,0.08334358
30,0.062378001,0.063991225,0.063741802
40,0.054415054,0.055461498,0.055296372
50,0.048565606,0.049308957,0.049193286
60,0.045755982,0.046337626,0.046248308
70,0.040623173,0.04106473,0.040995167
80,0.039369615,0.039743377,0.039685775
90,0.037043569,0.037355734,0.037306782
100,0.034506992,0.034768409,0.034727177
10,0.104970552,0.113718098,0.112340601
20,0.078278832,0.081368785,0.080892598
30,0.064875839,0.066553662,0.066294524
40,0.055598657,0.056667862,0.056504231
50,0.050912954,0.051692234,0.051572383
60,0.044328829,0.044892331,0.044802752
70,0.040946049,0.041391114,0.041321417
80,0.039707247,0.040084214,0.040025165
90,0.03601609,0.036319596,0.036272279
100,0.035699675,0.035970127,0.035927906
10,0.115346077,0.12495825,0.123510359
20,0.07692793,0.079964559,0.079495697
30,0.064122327,0.065780663,0.065523828
40,0.056497851,0.057584348,0.057415981
50,0.049278062,0.050032318,0.049914875
60,0.04510799,0.045681397,0.045591763
70,0.043120634,0.043589336,0.043516838
80,0.039756835,0.040134274,0.040076358
90,0.037413204,0.037728484,0.037678823
100,0.035490197,0.035759062,0.035717099
10,0.114191493,0.123707451,0.122264782
20,0.078552062,0.081652801,0.081166963
30,0.065516248,0.067210634,0.066948713
40,0.053358778,0.054384909,0.054223756
50,0.050666402,0.051441908,0.051322479
60,0.047718102,0.048324688,0.048229266
70,0.041842423,0.042297232,0.042227571
80,0.040215183,0.040596972,0.040538029
90,0.036230267,0.036535578,0.036487721
100,0.036038708,0.036311728,0.036269019
10,0.112909539,0.122318667,0.12086192
20,0.077518279,0.080578211,0.080096511
30,0.064706346,0.066379786,0.066124053
40,0.053560554,0.054590565,0.05442985
50,0.05091014,0.051689377,0.051568609
60,0.04549373,0.04607204,0.045982333
70,0.04232419,0.042784235,0.042713475
80,0.040263857,0.040646109,0.04058682
90,0.036769827,0.037079685,0.037031471
100,0.035640814,0.035910821,0.035869188
10,0.111233351,0.120502797,0.119102002
20,0.077214259,0.08026219,0.079790772
30,0.063878664,0.065530698,0.065277329
40,0.05670727,0.057797794,0.057625631
50,0.051009394,0.05179015,0.051668731
60,0.044797662,0.045367124,0.045278532
70,0.040869398,0.04131363,0.041245279
80,0.040465766,0.040849935,0.040790396
90,0.037352109,0.037666874,0.037618405
100,0.035339045,0.035606765,0.035564722
10,0.112041752,0.121378565,0.12000476
20,0.082417571,0.085670896,0.085181693
30,0.066682894,0.068407452,0.068150001
40,0.055418574,0.056484316,0.056320375
50,0.048104709,0.048841006,0.048726238
60,0.0446482,0.045215762,0.045126942
70,0.041348903,0.041798348,0.041728565
80,0.040041098,0.040421235,0.040362534
90,0.03643891,0.036745979,0.036698164
100,0.034834115,0.03509801,0.035057275
10,0.109304406,0.118413107,0.117026142
20,0.076675235,0.079701889,0.079239267
30,0.063707285,0.065354887,0.065105042
40,0.055953342,0.057029368,0.056863027
50,0.049362128,0.050117671,0.050000255
60,0.045860264,0.046443233,0.046352309
70,0.041400701,0.041850709,0.041780811
80,0.039282607,0.039655543,0.039597665
90,0.037723338,0.038041231,0.037992563
100,0.034705732,0.034968654,0.034927442
10,0.108698133,0.117756311,0.116368629
20,0.081034186,0.084232904,0.083732134
30,0.063348715,0.064987044,0.064733862
40,0.053738796,0.054772234,0.054614657
50,0.047343787,0.048068437,0.047957456
60,0.045847186,0.046429989,0.04634015
70,0.042230958,0.04268999,0.042618771
80,0.03945798,0.039832581,0.03977383
90,0.036283613,0.036589374,0.036541778
100,0.035637825,0.035907808,0.035865187
10,0.112005155,0.121338918,0.119947088
20,0.078409305,0.081504409,0.081030534
30,0.063810491,0.065460762,0.065204183
40,0.054487046,0.055534874,0.055372092
50,0.050198014,0.050966351,0.050846259
60,0.045368475,0.045945193,0.04585601
70,0.04209043,0.042547934,0.042476734
80,0.038972197,0.039342186,0.039284747
90,0.036864002,0.037174654,0.03712686
100,0.033870244,0.034126837,0.034086774
10,0.105181132,0.113946226,0.112578718
20,0.077568947,0.080630879,0.080165274
30,0.064463216,0.066130368,0.065876857
40,0.055637437,0.056707387,0.056541088
50,0.049358312,0.050113797,0.049995857
60,0.044717739,0.045286185,0.045197304
70,0.04109996,0.041546699,0.041477831
80,0.038974509,0.03934452,0.039286623
90,0.037109335,0.037422054,0.037373335
100,0.034380317,0.034640774,0.034600288
10,0.105292953,0.114067366,0.112747164
20,0.078246844,0.081335535,0.080856772
30,0.063255103,0.064891011,0.064635379
40,0.055584718,0.056653655,0.056485928
50,0.048397601,0.049138381,0.049023558
60,0.043318597,0.043869257,0.043783906
70,0.043021436,0.043489061,0.043417047
80,0.03929977,0.039672869,0.039614713
90,0.036128217,0.036432668,0.036385257
100,0.033896876,0.03415367,0.034114064
10,0.107500605,0.116458989,0.11504979
20,0.079932676,0.083087914,0.082599207
30,0.062812029,0.064436478,0.064187346
40,0.052735413,0.053749555,0.053591439
50,0.049620662,0.050380162,0.050262414
60,0.046894129,0.047490241,0.047398282
70,0.041117313,0.04156424,0.041494749
80,0.04100332,0.041392592,0.041331278
90,0.037012015,0.037323914,0.037275084
100,0.035648955,0.035919022,0.035876758
10,0.114122664,0.123632886,0.122150677
20,0.079948127,0.083103974,0.082616908
30,0.065768749,0.067469665,0.067205455
40,0.054791996,0.055845688,0.055678855
50,0.052074217,0.052871271,0.052749728
60,0.044450604,0.045015654,0.044926845
70,0.042077439,0.042534802,0.042463384
80,0.040633357,0.041019117,0.04095998
90,0.036771652,0.037081526,0.037033263
100,0.035249145,0.035516184,0.035474753
10,0.113824526,0.123309904,0.1218704
20,0.078222741,0.081310481,0.080831174
30,0.062722939,0.064345084,0.064093964
40,0.056495284,0.057581732,0.057409556
50,0.050192256,0.050960505,0.050840759
60,0.047060325,0.04765855,0.047562742
70,0.040412883,0.040852153,0.040783565
80,0.03985431,0.040232674,0.040173262
90,0.03655153,0.036859548,0.036811547
100,0.034693952,0.034956785,0.034916488
10,0.107987171,0.116986102,0.115640093
20,0.077601835,0.080665066,0.080207726
30,0.0628798,0.064506001,0.064260387
40,0.055945393,0.057021266,0.056854297
50,0.049160825,0.049913286,0.049798808
60,0.048557713,0.049174972,0.049079355
70,0.041882117,0.042337357,0.042266321
80,0.038657306,0.039024306,0.038966139
90,0.036318583,0.036624639,0.036576833
100,0.035632857,0.035902803,0.035861431
10,0.110284591,0.119474973,0.118098705
20,0.078412769,0.08150801,0.081034224
30,0.062185125,0.063793361,0.06354599
40,0.055659535,0.05672991,0.056564593
50,0.0485701,0.04931352,0.049198948
60,0.043418452,0.043970381,0.043883702
70,0.04394434,0.044421996,0.044348415
80,0.039542724,0.039918129,0.039860205
90,0.039216313,0.039546788,0.039495156
100,0.036246354,0.036520947,0.036478265
10,0.111988949,0.121321361,0.119883569
20,0.078469844,0.081567338,0.081085997
30,0.066449052,0.068167562,0.06789868
40,0.056064221,0.057142379,0.056975782
50,0.049661689,0.050421817,0.050303477
60,0.046186176,0.046773289,0.046681615
70,0.041513733,0.041964969,0.041894737
80,0.04007071,0.040451128,0.040391617
90,0.037387284,0.037702345,0.037653186
100,0.034830596,0.035094464,0.035053164
10,0.108811455,0.117879076,0.116502084
20,0.078866093,0.081979228,0.081492355
30,0.06454819,0.066217539,0.065957766
40,0.056440659,0.057526057,0.057358083
50,0.048483733,0.049225831,0.049110761
60,0.045644518,0.046224745,0.04613563
70,0.043607175,0.044081166,0.044007324
80,0.038752852,0.039120759,0.039063368
90,0.038101267,0.038422345,0.038372825
100,0.036614031,0.036891411,0.036847918
10,0.111008599,0.120259315,0.118852913
20,0.078509828,0.081608901,0.081133621
30,0.064182225,0.06584211,0.065590484
40,0.054019724,0.055058565,0.054896702
50,0.049013048,0.049763248,0.049646928
60,0.043853972,0.044411438,0.044323531
70,0.041669992,0.042122926,0.042050925
80,0.039884833,0.040263486,0.040205138
90,0.036755061,0.037064794,0.03701721
100,0.034964458,0.03522934,0.035188604
10,0.110832932,0.120069009,0.118659096
20,0.079462121,0.082598783,0.082110819
30,0.065903765,0.067608173,0.067349247
40,0.05587583,0.056950365,0.056781996
50,0.051573155,0.05236254,0.052237989
60,0.043078853,0.043626465,0.043541138
70,0.04281964,0.043285071,0.043212875
80,0.040696031,0.041082385,0.041021758
90,0.037021801,0.037333783,0.037285641
100,0.035703337,0.035973817,0.035932073
10,0.106826732,0.11572896,0.114269389
20,0.078452703,0.08154952,0.081078391
30,0.065084579,0.066767801,0.066511259
40,0.055237179,0.056299433,0.056134708
50,0.050387284,0.051158518,0.051038688
60,0.046769225,0.047363749,0.047271215
70,0.041868005,0.042323092,0.042251224
80,0.041064755,0.04145461,0.041393694
90,0.035956209,0.036259211,0.036212129
100,0.034601123,0.034863253,0.034822268
10,0.112827342,0.12222962,0.120785543
20,0.078211088,0.081298367,0.080833265
30,0.061573793,0.063166219,0.06291726
40,0.053508044,0.054537045,0.054377319
50,0.051379864,0.05216629,0.05204593
60,0.046530109,0.047121594,0.047030573
70,0.043684353,0.044159183,0.044084379
80,0.038594837,0.038961244,0.038903568
90,0.03717683,0.037490118,0.037440606
100,0.034128642,0.034387192,0.034346626
10,0.10950833,0.118634024,0.117273164
20,0.078268504,0.08135805,0.080884652
30,0.064874266,0.066552049,0.066286748
40,0.057529742,0.058636083,0.058463701
50,0.050569646,0.051343671,0.051224604
60,0.044834781,0.045404715,0.045316324
70,0.042554447,0.043016995,0.042944558
80,0.038363982,0.038728197,0.03867114
90,0.036097084,0.036401273,0.036353187
100,0.035059157,0.035324756,0.035283422
10,0.112157966,0.121504463,0.120104672
20,0.079324746,0.082455986,0.081969007
30,0.064662874,0.066335189,0.066079652
40,0.055074193,0.056133312,0.055970591
50,0.047349382,0.048074118,0.047961803
60,0.047004319,0.047601831,0.047507618
70,0.044387241,0.044869711,0.044795274
80,0.039211389,0.039583649,0.039524956
90,0.037382858,0.037697882,0.037648878
100,0.035497651,0.035766573,0.035724305
10,0.112735165,0.122129762,0.120693489
20,0.077274792,0.080325113,0.079870432
30,0.063912139,0.065565039,0.065315258
40,0.056503792,0.057590403,0.057424045
50,0.05074248,0.05151915,0.051398834
60,0.04373597,0.044291936,0.044205621
70,0.040506572,0.040946861,0.040878308
80,0.039871975,0.040250506,0.04019105
90,0.037762615,0.038080839,0.038031539
100,0.035561866,0.035831274,0.03578915
10,0.108291667,0.117315973,0.115940946
20,0.081119261,0.084321337,0.08384759
30,0.063698797,0.06534618,0.065090764
40,0.052671022,0.053683926,0.05352754
50,0.051412092,0.052199012,0.052076564
60,0.046093434,0.046679367,0.046588747
70,0.041233535,0.041681725,0.041611572
80,0.040262625,0.040644865,0.040584755
90,0.03772705,0.038044975,0.037995477
100,0.035404186,0.035672399,0.035630552
10,0.114073465,0.123579587,0.12215924
20,0.078753308,0.081861991,0.081382089
30,0.062506964,0.064123523,0.063876207
40,0.055113508,0.056173383,0.056008977
50,0.051592454,0.052382135,0.052258458
60,0.046562512,0.047154409,0.047062245
70,0.04372124,0.044196471,0.044123368
80,0.040249864,0.040631983,0.040572421
90,0.036927127,0.037238311,0.037190245
100,0.035629841,0.035899765,0.035858097
10,0.11343189,0.122884547,0.12149916
20,0.078592084,0.081694403,0.08122227
30,0.065236242,0.066923386,0.066664754
40,0.053616739,0.05464783,0.054484603
50,0.049581191,0.050340087,0.05022211
60,0.045558466,0.046137599,0.046046675
70,0.042448353,0.042909748,0.042837959
80,0.039616594,0.039992701,0.039934727
90,0.037576352,0.037893007,0.037843912
100,0.035696088,0.035966513,0.035923799
10,0.112398395,0.121764927,0.120328142
20,0.077803942,0.08087515,0.080398528
30,0.064963596,0.066643689,0.066380488
40,0.055117764,0.056177721,0.056010181
50,0.050450979,0.051223188,0.051105394
60,0.045839882,0.046422592,0.046331631
70,0.043134906,0.043603763,0.043531467
80,0.039043046,0.039413708,0.039355422
90,0.035750988,0.036052261,0.036005083
100,0.033920369,0.034177342,0.034137318
10,0.111514052,0.120806889,0.119347534
20,0.080159687,0.083323885,0.082841939
30,0.066306526,0.06802135,0.067755006
40,0.056459187,0.057544941,0.057379399
50,0.049348816,0.050104155,0.049985142
60,0.045675167,0.046255784,0.046164258
70,0.042425407,0.042886553,0.042813232
80,0.039158934,0.039530697,0.039472283
90,0.037511934,0.037828046,0.037779249
100,0.035889437,0.036161327,0.036118853
10,0.107802193,0.116785709,0.115440116
20,0.079522564,0.082661613,0.082174866
30,0.065114042,0.066798026,0.066538602
40,0.056279434,0.057361731,0.05719515
50,0.049036996,0.049787562,0.049673083
60,0.045741908,0.046323373,0.046233362
70,0.041402067,0.04185209,0.04178271
80,0.038760928,0.039128912,0.039070845
90,0.038155549,0.038477084,0.038426491
100,0.035014801,0.035280065,0.035238374
10,0.110305785,0.119497934,0.118084145
20,0.078142588,0.081227164,0.08075758
30,0.064022714,0.065678474,0.065427121
40,0.056048937,0.057126801,0.056960941
50,0.050381049,0.051152188,0.051031537
60,0.047403332,0.048005916,0.047913953
70,0.040333687,0.040772097,0.040703377
80,0.040091965,0.040472585,0.040412784
90,0.037274897,0.037589012,0.03754012
100,0.035112192,0.035378193,0.035336532
10,0.111378772,0.120660336,0.119274817
20,0.076950004,0.079987504,0.079517881
30,0.066443676,0.068162047,0.067896727
40,0.055527481,0.056595317,0.056429456
50,0.050146004,0.050913545,0.050793203
60,0.04604924,0.046634612,0.046542667
70,0.042205571,0.042664327,0.042593578
80,0.039308315,0.039681495,0.039622473
90,0.037228382,0.037542105,0.037493121
100,0.033810501,0.034066641,0.034026909
10,0.109748391,0.118894091,0.117477176
20,0.077304178,0.080355659,0.079884426
30,0.065728598,0.067428476,0.067167124
40,0.054263946,0.055307484,0.055148622
50,0.048879477,0.049627633,0.049510797
60,0.044911937,0.045482851,0.045394216
70,0.041543956,0.041995521,0.041925484
80,0.039548267,0.039923725,0.039865523
90,0.03687069,0.037181398,0.037132562
100,0.035526995,0.035796139,0.035754412
10,0.107205299,0.116139074,0.114795081
20,0.075805851,0.078798187,0.078338189
30,0.064452611,0.066119489,0.065859685
40,0.055471226,0.056537981,0.056375852
50,0.050488397,0.051261179,0.051142819
60,0.043536159,0.044089584,0.04400363
70,0.040902805,0.0413474,0.04127939
80,0.040396228,0.040779736,0.040720092
90,0.03585589,0.036158047,0.036110074
100,0.034843324,0.035107288,0.035066024
10,0.109735158,0.118879754,0.11751257
20,0.078601264,0.081703946,0.081235254
30,0.064385996,0.066051151,0.065801163
40,0.055702347,0.056773546,0.056609751
50,0.049071601,0.049822697,0.049706055
60,0.04586245,0.046445447,0.046354547
70,0.040756048,0.041199049,0.041130695
80,0.040467034,0.040851215,0.040791249
90,0.03531345,0.035611035,0.035564279
100,0.035061154,0.035326769,0.035285419
10,0.110793983,0.120026815,0.11862781
20,0.077314805,0.080366706,0.079901726
30,0.062813246,0.064437727,0.064187281
40,0.054112079,0.055152696,0.054988952
50,0.049444703,0.05020151,0.050083211
60,0.045602439,0.046182131,0.046091842
70,0.042546796,0.043009261,0.042936938
80,0.040002747,0.04038252,0.040323141
90,0.036192519,0.036497512,0.036449426
100,0.036117524,0.036391142,0.03634836
10,0.108799445,0.117866065,0.116483733
20,0.07832396,0.081415695,0.080933536
30,0.064521075,0.066189723,0.065935609
40,0.056546884,0.057634324,0.057466952
50,0.049393794,0.050149822,0.050033344
60,0.044723537,0.045292057,0.045203862
70,0.04216391,0.042622213,0.042550064
80,0.038010755,0.038371616,0.038315516
90,0.037440729,0.03775624,0.037707075
100,0.033618837,0.033873526,0.03383389
10,0.110052969,0.11922405,0.117825876
20,0.080820765,0.084011059,0.083529351
30,0.065958823,0.067664655,0.067405347
40,0.054135561,0.05517663,0.0550127
50,0.047367844,0.048092862,0.047980412
60,0.046657986,0.047251096,0.047158989
70,0.040695329,0.041137669,0.041068839
80,0.038284394,0.038647853,0.03859075
90,0.036365845,0.036672299,0.03662488
100,0.035127103,0.035393218,0.035351819
10,0.111767592,0.121081558,0.119663019
20,0.081038268,0.084237147,0.083741982
30,0.062698349,0.064319858,0.064070806
40,0.055659529,0.056729905,0.056563097
50,0.048947747,0.049696947,0.049581389
60,0.044092955,0.044653458,0.04456499
70,0.04105282,0.041499046,0.0414298
80,0.039559043,0.039934603,0.039875443
90,0.036604315,0.036912778,0.036864515
100,0.035179781,0.035446294,0.035405096
10,0.106937846,0.115849333,0.114482222
20,0.07495258,0.077911235,0.077444492
30,0.061700076,0.063295768,0.063045089
40,0.054750381,0.055803273,0.055638736
50,0.049970394,0.050735247,0.050615769
60,0.045843405,0.04642616,0.046336588
70,0.041003383,0.041449072,0.041379571
80,0.040464524,0.040848681,0.040788987
90,0.036442566,0.036749666,0.036701591
100,0.036467165,0.036743431,0.036700068
10,0.107759568,0.116739532,0.115378387
20,0.077729682,0.080797958,0.080306027
30,0.065096228,0.066779752,0.066516835
40,0.056015346,0.057092564,0.056925009
50,0.049183528,0.049936337,0.049818925
60,0.044036419,0.044596204,0.044509425
70,0.043109832,0.043578417,0.043506026
80,0.039056428,0.039427217,0.039368596
90,0.037277395,0.037591531,0.037542833
100,0.035521324,0.035790425,0.035748955
10,0.112922393,0.122332593,0.120948693
20,0.079943411,0.083099072,0.082608598
30,0.063718887,0.065366789,0.065110018
40,0.055359677,0.056424286,0.056261305
50,0.050540961,0.051314547,0.051194398
60,0.045783905,0.046365904,0.046276188
70,0.043382336,0.043853883,0.04378183
80,0.039602663,0.039978638,0.039920417
90,0.036526115,0.036833919,0.03678641
100,0.034412594,0.034673295,0.034632807
10,0.111669816,0.120975634,0.119586825
20,0.077394454,0.080449498,0.07997749
30,0.062527814,0.064144913,0.063891697
40,0.05921645,0.060355228,0.060180681
50,0.049179168,0.04993191,0.049815827
60,0.04432911,0.044892616,0.044803582
70,0.040723094,0.041165736,0.04109678
80,0.039621598,0.039997752,0.039939139
90,0.035180235,0.035476698,0.035430602
100,0.036013823,0.036286655,0.036244251
10,0.110931934,0.120176262,0.118754395
20,0.078711872,0.08181892,0.081331843
30,0.065006982,0.066688197,0.066428788
40,0.054944608,0.056001235,0.055838026
50,0.049833588,0.050596347,0.050478388
60,0.044959103,0.045530617,0.045440399
70,0.041806882,0.042261305,0.042191827
80,0.039961667,0.04034105,0.040282697
90,0.036425468,0.036732424,0.036685325
100,0.034833185,0.035097072,0.035055618
10,0.109322621,0.118432839,0.117079848
20,0.078824504,0.081935998,0.081456673
30,0.064380566,0.06604558,0.065788584
40,0.054904192,0.055960042,0.05579366
50,0.050189591,0.050957799,0.050838719
60,0.045180051,0.045754373,0.045664189
70,0.043345959,0.043817111,0.043743975
80,0.04020686,0.040588571,0.040529052
90,0.037692976,0.038010613,0.037961779
100,0.034908445,0.035172903,0.035132092
10,0.111325983,0.120603149,0.119213473
20,0.077985789,0.081064175,0.080588101
30,0.062122195,0.063728804,0.063480836
40,0.054701341,0.05575329,0.055588165
50,0.050303896,0.051073854,0.050953326
60,0.045992197,0.046576843,0.046485676
70,0.041885434,0.042340711,0.042270315
80,0.03841626,0.038780971,0.038724319
90,0.037788411,0.038106852,0.038057873
100,0.035167319,0.035433738,0.035392352
10,0.110046324,0.119216851,0.117807831
20,0.082129081,0.085371018,0.084870254
30,0.063666882,0.065313439,0.065056832
40,0.053917407,0.05495428,0.054790787
50,0.050327505,0.051097824,0.050980917
60,0.047419728,0.048022522,0.047929744
70,0.043021474,0.043489098,0.043417134
80,0.039734026,0.040111248,0.040052027
90,0.038205286,0.038527241,0.038477031
100,0.035730449,0.036001135,0.03595901
10,0.110431139,0.119633734,0.118202985
20,0.07958523,0.082726752,0.082247435
30,0.064294208,0.065956989,0.06570087
40,0.056345881,0.057429455,0.057258861
50,0.049649646,0.050409589,0.050291677
60,0.044785671,0.04535498,0.04526753
70,0.042998349,0.043465722,0.043392255
80,0.040715681,0.041102222,0.041041981
90,0.037919712,0.038239261,0.038188843
100,0.034471826,0.034732976,0.034692172
10,0.109003759,0.118087405,0.11673388
20,0.077083119,0.080125873,0.079653669
30,0.064437618,0.066104108,0.065844389
40,0.056547856,0.057635315,0.057464081
50,0.052630675,0.053436247,0.053310361
60,0.046420474,0.047010564,0.046917517
70,0.042077488,0.042534852,0.042463215
80,0.039818815,0.040196842,0.040137775
90,0.037659622,0.037976978,0.037926688
100,0.034877363,0.035141585,0.035100588
10,0.109966949,0.119130861,0.117733829
20,0.07875995,0.081868895,0.081389869
30,0.066020595,0.067728024,0.067464681
40,0.055562141,0.056630643,0.056463918
50,0.048502795,0.049245184,0.049131507
60,0.045107594,0.045680996,0.045591807
70,0.042885853,0.043352004,0.043279023
80,0.040257079,0.040639267,0.040579721
90,0.036407612,0.036714417,0.036666117
100,0.036462281,0.03673851,0.036696103
10,0.112597013,0.121980097,0.120617143
20,0.07584129,0.078835025,0.078362475
30,0.065113446,0.066797415,0.066536725
40,0.057258754,0.058359884,0.058190645
50,0.050345377,0.051115969,0.050997236
60,0.044011133,0.044570597,0.044482341
70,0.043083742,0.043552043,0.043477455
80,0.038801954,0.039170327,0.03911302
90,0.035770154,0.036071588,0.03602438
100,0.03480889,0.035072594,0.035031264
10,0.111229731,0.120498876,0.119089779
20,0.080417262,0.083591627,0.083116371
30,0.064850703,0.066527876,0.066271465
40,0.055112973,0.056172838,0.056007151
50,0.051670445,0.052461319,0.052338452
60,0.044473685,0.045039029,0.044949492
70,0.041499886,0.041950972,0.041880309
80,0.037520117,0.03787632,0.037820316
90,0.037906742,0.038226181,0.038175575
100,0.036434085,0.036710101,0.03666701
10,0.109369364,0.118483478,0.117072245
20,0.080409384,0.083583439,0.083103091
30,0.063243808,0.064879424,0.064623947
40,0.054099176,0.055139544,0.054979133
50,0.050829355,0.051607355,0.051488832
60,0.045098004,0.045671284,0.045583273
70,0.04028555,0.040723436,0.040654883
80,0.040366421,0.040749647,0.040689571
90,0.036223134,0.036528385,0.036480157
100,0.036689695,0.036967647,0.036924168
10,0.110191705,0.119374347,0.11800182
20,0.079810943,0.082961375,0.082483576
30,0.065113654,0.066797627,0.066532303
40,0.053508602,0.054537614,0.054379477
50,0.048002148,0.048736875,0.048623087
60,0.046551886,0.047143647,0.047051678
70,0.042787552,0.043252634,0.043180429
80,0.038512936,0.038878566,0.038821337
90,0.0364598,0.036767045,0.036719084
100,0.033839424,0.034095783,0.034055431
10,0.110625358,0.119844138,0.11842787
20,0.078270713,0.081360346,0.080894364
30,0.065156818,0.066841908,0.066585415
40,0.056351494,0.057435177,0.057267834
50,0.050572006,0.051346067,0.051226237
60,0.04687184,0.047467669,0.047374213
70,0.044904226,0.045392315,0.045317551
80,0.040885104,0.041273254,0.041213023
90,0.036121576,0.036425972,0.036377613
100,0.035141416,0.035407639,0.035366441
10,0.112653832,0.122041652,0.120600964
20,0.076690744,0.07971801,0.079253014
30,0.06579156,0.067493066,0.067232648
40,0.056348711,0.05743234,0.057264173
50,0.050470976,0.051243491,0.051123291
60,0.044739625,0.045308349,0.045218264
70,0.04226978,0.042729234,0.042657984
80,0.039887821,0.040266503,0.040208014
90,0.036270759,0.036576412,0.036529326
100,0.03633519,0.036610456,0.036567218
10,0.111967681,0.121298321,0.119896458
20,0.079392886,0.082526816,0.082053252
30,0.064714327,0.066387973,0.066132569
40,0.056540915,0.05762824,0.057461969
50,0.048176217,0.048913608,0.048798622
60,0.044871758,0.045442162,0.045352363
70,0.042576197,0.043038982,0.042966408
80,0.037172128,0.037525028,0.037470718
90,0.03790947,0.038228931,0.038179378
100,0.03427291,0.034532553,0.034491725
10,0.112132652,0.12147704,0.120031333
20,0.078714748,0.081821909,0.081340331
30,0.066069193,0.067777879,0.067509569
40,0.055956311,0.057032394,0.056867301
50,0.049960351,0.050725051,0.050605821
60,0.044520336,0.045086272,0.044996421
70,0.042704377,0.043168555,0.043095564
80,0.038879815,0.039248928,0.039190874
90,0.037622608,0.037939652,0.037890238
100,0.034406782,0.03466744,0.034626805
10,0.1078559,0.116843891,0.115453515
20,0.078027326,0.081107352,0.080628088
30,0.063287444,0.064924188,0.064664745
40,0.055667274,0.056737798,0.056574419
50,0.048542625,0.049285624,0.049170345
60,0.046940769,0.047537474,0.047445873
70,0.041884726,0.042339995,0.042269131
80,0.039823371,0.040201441,0.04014252
90,0.03703273,0.037344804,0.037295713
100,0.035806312,0.036077572,0.036034963
10,0.110290003,0.119480836,0.118079408
20,0.079569235,0.082710125,0.082240926
30,0.062140058,0.063747129,0.063493512
40,0.055584694,0.05665363,0.056488792
50,0.050457128,0.051229431,0.051110798
60,0.044221355,0.044783491,0.044696643
70,0.040516021,0.040956412,0.040887521
80,0.039647562,0.040023963,0.039964238
90,0.037097331,0.037409949,0.037360351
100,0.035577271,0.035846795,0.035804764
10,0.109876364,0.119032728,0.117650274
20,0.077786635,0.08085716,0.080390181
30,0.06432432,0.06598788,0.06573281
40,0.054804362,0.055858292,0.055695651
50,0.049885219,0.050648768,0.050530514
60,0.044483979,0.045049453,0.044961023
70,0.042254951,0.042714244,0.042642598
80,0.039232302,0.03960476,0.039547634
90,0.036431769,0.036738779,0.036689833
100,0.034882133,0.035146391,0.035105207
10,0.109931879,0.119092868,0.11767323
20,0.074707744,0.077656734,0.077203858
30,0.063387875,0.065027216,0.064771773
40,0.058030407,0.059146376,0.058971564
50,0.050252605,0.051021778,0.050902636
60,0.046018332,0.046603311,0.046513444
70,0.041585168,0.042037181,0.041966458
80,0.038918102,0.039287577,0.039229114
90,0.036647119,0.036955943,0.036907487
100,0.036497528,0.036774024,0.036730784
10,0.113337764,0.122782577,0.121337063
20,0.076288312,0.079299692,0.07883707
30,0.062434849,0.064049544,0.063802771
40,0.05622114,0.057302316,0.057135306
50,0.049019527,0.049769826,0.049654116
60,0.045799216,0.04638141,0.046290429
70,0.041865753,0.042320815,0.042249409
80,0.038351267,0.038715361,0.038657858
90,0.037649139,0.037966407,0.037917159
100,0.035133198,0.035399359,0.035357827
10,0.111140587,0.120402302,0.118994154
20,0.08161563,0.084837299,0.084354275
30,0.06626691,0.06798071,0.067710729
40,0.053980884,0.055018978,0.054857583
50,0.050816631,0.051594437,0.051475553
60,0.046746252,0.047340484,0.047248178
70,0.041411682,0.041861809,0.041791495
80,0.038445877,0.03881087,0.038753655
90,0.036750323,0.037060017,0.037011508
100,0.036071592,0.036344862,0.03630243
10,0.109205848,0.118306335,0.116871222
20,0.075261694,0.07823255,0.077777075
30,0.065547055,0.067242237,0.066975037
40,0.053764411,0.054798342,0.054638682
50,0.048774606,0.049521156,0.049406832
60,0.046148453,0.046735086,0.046643746
70,0.041220717,0.041668768,0.041598951
80,0.039972954,0.040352445,0.040293121
90,0.038999994,0.039328646,0.039277489
100,0.035093246,0.035359104,0.035317481
10,0.112223055,0.121574976,0.120189979
20,0.079283635,0.082413252,0.081939867
30,0.061185107,0.06276748,0.062524813
40,0.056127218,0.057206588,0.05704143
50,0.05058255,0.051356773,0.051238107
60,0.044013667,0.044573163,0.044486699
70,0.040687821,0.04113008,0.041059615
80,0.04014721,0.040528355,0.040468671
90,0.037405374,0.037720588,0.037671405
100,0.036790655,0.037069372,0.037025927
10,0.114169402,0.123683518,0.122257783
20,0.080209301,0.083375457,0.082888085
30,0.064025123,0.065680945,0.065421724
40,0.057566103,0.058673143,0.058502316
50,0.049027818,0.049778244,0.049660376
60,0.045413769,0.045991063,0.045901633
70,0.041291221,0.041740038,0.04166929
80,0.040407899,0.040791518,0.040731819
90,0.038678974,0.03900492,0.038953976
100,0.034683063,0.034945814,0.034904221
10,0.112346754,0.121708984,0.120324453
20,0.07770027,0.080767386,0.080298533
30,0.062885253,0.064511596,0.06425377
40,0.055527296,0.056595128,0.056424724
50,0.05089387,0.051672858,0.05155186
60,0.044408801,0.044973319,0.044884893
70,0.039954811,0.040389102,0.040320835
80,0.041155336,0.041546051,0.041486065
90,0.037484119,0.037799996,0.037750153
100,0.034114112,0.034372552,0.034332354
10,0.111054728,0.120309289,0.11886576
20,0.077384591,0.080439246,0.079964613
30,0.065812752,0.067514806,0.067252574
40,0.054531205,0.055579882,0.055415702
50,0.050625194,0.051400069,0.051279046
60,0.045163127,0.045737235,0.045647903
70,0.041503604,0.041954731,0.041885028
80,0.040050275,0.0404305,0.04037184
90,0.038854648,0.039182075,0.039132432
100,0.035393657,0.035661791,0.035619853
10,0.111279401,0.120552684,0.119145538
20,0.075593504,0.078577458,0.078117641
30,0.061751331,0.063348349,0.063098335
40,0.056380023,0.057464254,0.057294516
50,0.049594565,0.050353665,0.050234955
60,0.045309597,0.045885566,0.045796038
70,0.042755987,0.043220726,0.043148753
80,0.03792454,0.038284583,0.038228151
90,0.037338225,0.037652873,0.037603513
100,0.035185294,0.035451849,0.035410648
10,0.11331498,0.122757895,0.121329086
20,0.078302348,0.08139323,0.080922804
30,0.064187498,0.065847519,0.06558888
40,0.058562309,0.059688507,0.059516671
50,0.05078985,0.051567245,0.051446783
60,0.046012776,0.046597684,0.046506982
70,0.042600806,0.043063859,0.042991808
80,0.040993149,0.041382325,0.041321966
90,0.03652799,0.03683581,0.036787322
100,0.034871908,0.03513609,0.035094865
10,0.112408222,0.121775574,0.120350859
20,0.079885312,0.08303868,0.082553418
30,0.064042533,0.065698806,0.065438924
40,0.054623865,0.055674324,0.055509077
50,0.048756825,0.049503103,0.049387592
60,0.045926289,0.046510097,0.046419638
70,0.043229823,0.043699712,0.043626695
80,0.037662792,0.03802035,0.037964778
90,0.037398331,0.037713485,0.037664484
100,0.036133401,0.036407139,0.036364793
10,0.110833074,0.120069163,0.118670482
20,0.080851639,0.084043151,0.083555598
30,0.064197227,0.0658575,0.065603159
40,0.055186065,0.056247335,0.056080374
50,0.050708902,0.051485059,0.051365255
60,0.043088864,0.043636603,0.043551381
70,0.043276437,0.043746833,0.043674344
80,0.040706093,0.041092543,0.041033342
90,0.037062773,0.0373751,0.037326548
100,0.035769498,0.036040479,0.035997952
10,0.108784296,0.117849654,0.116462333
20,0.07925828,0.082386896,0.08191115
30,0.064422365,0.066088461,0.065825783
40,0.056303564,0.057386325,0.057218519
50,0.047778569,0.048509874,0.048396072
60,0.044896354,0.04546707,0.04537863
70,0.04371995,0.044195167,0.044121934
80,0.039992233,0.040371906,0.04031247
90,0.038185752,0.038507542,0.038457963
100,0.035324843,0.035592456,0.035550235
